country,year,doctor_danger,danger
Afghanistan,2017,3,3
Afghanistan,2018,3,3
Afghanistan,2019,3,3
Afghanistan,2020,3,3
Afghanistan,2021,3,3
Afghanistan,2022,2,2
Afghanistan,2023,2,2
Afghanistan,2024,2,2
Akrotiri and Dekhelia,2020,1,1
Akrotiri and Dekhelia,2021,1,1
Akrotiri and Dekhelia,2022,1,1
Akrotiri and Dekhelia,2023,1,1
Akrotiri and Dekhelia,2024,1,1
Albania,2018,1,1
Albania,2019,1,1
Albania,2020,1,1
Albania,2021,1,1
Albania,2022,1,1
Albania,2023,1,1
Albania,2024,1,1
Algeria,1997,3,2
Algeria,1998,2,2
Algeria,1999,2,2
Algeria,2000,2,2
Algeria,2001,2,2
Algeria,2002,2,2
Algeria,2003,2,2
Algeria,2004,2,2
Algeria,2005,2,2
Algeria,2006,2,2
Algeria,2007,2,2
Algeria,2008,2,2
Algeria,2009,2,2
Algeria,2010,2,2
Algeria,2011,2,2
Algeria,2012,2,2
Algeria,2013,2,2
Algeria,2014,2,2
Algeria,2015,1,1
Algeria,2016,1,1
Algeria,2017,1,1
Algeria,2018,1,1
Algeria,2019,1,1
Algeria,2020,1,1
Algeria,2021,1,1
Algeria,2022,1,1
Algeria,2023,1,1
Algeria,2024,1,1
American Samoa,2021,2,2
American Samoa,2022,2,2
Andorra,2020,1,1
Andorra,2021,1,1
Andorra,2022,1,1
Andorra,2023,1,1
Andorra,2024,1,1
Angola,1997,2,2
Angola,1998,3,2
Angola,1999,3,3
Angola,2000,2,2
Angola,2001,2,2
Angola,2002,2,2
Angola,2003,2,2
Angola,2004,2,2
Angola,2005,1,1
Angola,2006,2,2
Angola,2007,2,2
Angola,2008,2,2
Angola,2009,2,2
Angola,2010,2,2
Angola,2011,1,1
Angola,2012,1,1
Angola,2013,2,2
Angola,2014,1,1
Angola,2015,2,2
Angola,2016,2,2
Angola,2017,2,2
Angola,2018,2,2
Angola,2019,2,2
Angola,2020,2,2
Angola,2021,2,2
Angola,2022,2,2
Angola,2023,2,2
Angola,2024,2,2
Anguilla,2020,1,1
Anguilla,2021,1,1
Anguilla,2022,1,1
Anguilla,2023,1,1
Anguilla,2024,1,1
Antigua and Barbuda,2018,1,1
Antigua and Barbuda,2019,1,1
Antigua and Barbuda,2020,1,1
Antigua and Barbuda,2021,1,1
Antigua and Barbuda,2022,1,1
Antigua and Barbuda,2023,1,1
Antigua and Barbuda,2024,2,2
Argentina,2018,2,2
Argentina,2019,1,1
Argentina,2020,1,1
Argentina,2021,1,1
Argentina,2022,1,1
Argentina,2023,1,1
Argentina,2024,1,1
Armenia,2018,1,1
Armenia,2019,1,1
Armenia,2020,2,2
Armenia,2021,1,1
Armenia,2022,1,1
Armenia,2023,1,1
Armenia,2024,1,1
Aruba,2019,1,1
Aruba,2020,1,1
Aruba,2021,1,1
Aruba,2022,1,1
Aruba,2023,1,1
Australia,2021,1,1
Australia,2022,1,1
Australia,2023,1,1
Australia,2024,1,1
Austria,2020,1,1
Austria,2021,1,1
Austria,2022,1,1
Austria,2023,1,1
Austria,2024,1,1
Azerbaijan,2018,2,2
Azerbaijan,2019,1,1
Azerbaijan,2020,2,2
Azerbaijan,2021,2,2
Azerbaijan,2022,2,2
Azerbaijan,2023,2,2
Azerbaijan,2024,1,1
Bahamas,2018,1,1
Bahamas,2019,1,1
Bahamas,2020,2,2
Bahamas,2021,1,1
Bahamas,2022,1,1
Bahamas,2023,1,1
Bahamas,2024,1,1
Bahrain,2016,2,2
Bahrain,2017,2,2
Bahrain,2018,1,1
Bahrain,2019,2,2
Bahrain,2020,2,2
Bahrain,2021,2,2
Bahrain,2022,1,1
Bahrain,2023,1,1
Bahrain,2024,1,1
Bailiwick of Guernsey,2020,1,1
Bailiwick of Guernsey,2021,1,1
Bailiwick of Guernsey,2022,1,1
Bailiwick of Guernsey,2024,1,1
Bailiwick of Jersey,2020,1,1
Bailiwick of Jersey,2021,1,1
Bangladesh,2010,2,2
Bangladesh,2011,2,2
Bangladesh,2012,2,2
Bangladesh,2013,2,2
Bangladesh,2014,2,2
Bangladesh,2015,2,2
Bangladesh,2016,2,2
Bangladesh,2017,2,2
Bangladesh,2018,2,2
Bangladesh,2019,2,2
Bangladesh,2020,2,2
Bangladesh,2021,2,2
Bangladesh,2022,2,2
Bangladesh,2023,2,2
Bangladesh,2024,2,2
Barbados,2020,1,1
Barbados,2021,1,1
Barbados,2022,1,1
Barbados,2023,1,1
Barbados,2024,1,1
Belarus,2018,1,1
Belarus,2019,1,1
Belarus,2020,1,1
Belarus,2021,1,1
Belarus,2022,1,1
Belarus,2023,1,1
Belarus,2024,1,1
Belgium,2020,1,1
Belgium,2021,1,1
Belgium,2022,1,1
Belgium,2023,1,1
Belgium,2024,1,1
Belize,2018,2,2
Belize,2019,2,2
Belize,2020,2,2
Belize,2021,2,2
Belize,2022,2,2
Belize,2023,2,2
Belize,2024,2,2
Benin,1997,1,1
Benin,1998,2,2
Benin,1999,1,1
Benin,2002,1,1
Benin,2003,2,2
Benin,2004,2,2
Benin,2005,1,1
Benin,2006,1,1
Benin,2007,2,2
Benin,2008,2,2
Benin,2009,2,2
Benin,2010,1,1
Benin,2011,2,2
Benin,2012,1,1
Benin,2013,1,1
Benin,2014,1,1
Benin,2015,1,1
Benin,2016,2,2
Benin,2017,1,1
Benin,2018,2,2
Benin,2019,2,2
Benin,2020,2,2
Benin,2021,2,2
Benin,2022,2,2
Benin,2023,2,2
Benin,2024,2,2
Bermuda,2021,1,1
Bermuda,2022,1,1
Bermuda,2023,1,1
Bermuda,2024,1,1
Bhutan,2020,1,1
Bhutan,2021,1,1
Bhutan,2022,1,1
Bhutan,2023,1,1
Bhutan,2024,1,1
Bolivia,2018,2,2
Bolivia,2019,2,2
Bolivia,2020,1,1
Bolivia,2021,2,2
Bolivia,2022,2,2
Bolivia,2023,2,2
Bolivia,2024,2,2
Bosnia and Herzegovina,2018,1,1
Bosnia and Herzegovina,2019,1,1
Bosnia and Herzegovina,2020,1,1
Bosnia and Herzegovina,2021,1,1
Bosnia and Herzegovina,2022,1,1
Bosnia and Herzegovina,2023,1,1
Bosnia and Herzegovina,2024,2,2
Botswana,1998,1,1
Botswana,2000,1,1
Botswana,2003,1,1
Botswana,2004,1,1
Botswana,2005,1,1
Botswana,2006,1,1
Botswana,2007,1,1
Botswana,2008,2,2
Botswana,2009,1,1
Botswana,2010,1,1
Botswana,2011,2,2
Botswana,2013,1,1
Botswana,2014,1,1
Botswana,2015,1,1
Botswana,2016,2,2
Botswana,2017,2,2
Botswana,2018,2,2
Botswana,2019,1,1
Botswana,2020,2,2
Botswana,2021,1,1
Botswana,2022,1,1
Botswana,2023,1,1
Botswana,2024,1,1
Brazil,2018,2,2
Brazil,2019,2,2
Brazil,2020,2,2
Brazil,2021,2,2
Brazil,2022,3,2
Brazil,2023,3,2
Brazil,2024,2,2
Brunei,2023,1,1
Bulgaria,2018,1,1
Bulgaria,2019,1,1
Bulgaria,2020,1,1
Bulgaria,2021,1,1
Bulgaria,2022,1,1
Bulgaria,2023,1,1
Bulgaria,2024,1,1
Burkina Faso,1997,1,1
Burkina Faso,1998,2,2
Burkina Faso,1999,1,1
Burkina Faso,2000,1,1
Burkina Faso,2001,1,1
Burkina Faso,2002,2,2
Burkina Faso,2003,2,2
Burkina Faso,2004,2,2
Burkina Faso,2005,1,1
Burkina Faso,2006,2,2
Burkina Faso,2007,2,2
Burkina Faso,2008,2,2
Burkina Faso,2009,1,1
Burkina Faso,2010,1,1
Burkina Faso,2011,1,1
Burkina Faso,2012,1,1
Burkina Faso,2013,2,2
Burkina Faso,2014,2,2
Burkina Faso,2015,2,2
Burkina Faso,2016,2,2
Burkina Faso,2017,2,2
Burkina Faso,2018,2,2
Burkina Faso,2019,3,2
Burkina Faso,2020,2,2
Burkina Faso,2021,3,2
Burkina Faso,2022,3,3
Burkina Faso,2023,3,3
Burkina Faso,2024,3,3
Burundi,1997,3,2
Burundi,1998,2,2
Burundi,1999,2,2
Burundi,2000,2,2
Burundi,2001,2,2
Burundi,2002,2,2
Burundi,2003,2,2
Burundi,2004,2,2
Burundi,2005,2,2
Burundi,2006,2,2
Burundi,2007,2,2
Burundi,2008,2,2
Burundi,2009,2,2
Burundi,2010,2,2
Burundi,2011,2,2
Burundi,2012,2,2
Burundi,2013,2,2
Burundi,2014,2,2
Burundi,2015,2,2
Burundi,2016,2,2
Burundi,2017,2,2
Burundi,2018,2,2
Burundi,2019,2,2
Burundi,2020,2,2
Burundi,2021,2,2
Burundi,2022,2,2
Burundi,2023,2,2
Burundi,2024,2,2
Cambodia,2010,2,2
Cambodia,2011,2,2
Cambodia,2012,2,2
Cambodia,2013,2,2
Cambodia,2014,1,1
Cambodia,2015,1,1
Cambodia,2016,1,1
Cambodia,2017,1,1
Cambodia,2018,1,1
Cambodia,2019,1,1
Cambodia,2020,1,1
Cambodia,2021,1,1
Cambodia,2022,1,1
Cambodia,2023,1,1
Cambodia,2024,1,1
Cameroon,1997,2,2
Cameroon,1998,2,2
Cameroon,1999,1,1
Cameroon,2000,1,1
Cameroon,2001,2,2
Cameroon,2002,1,1
Cameroon,2003,2,2
Cameroon,2004,1,1
Cameroon,2005,2,2
Cameroon,2006,1,1
Cameroon,2007,2,2
Cameroon,2008,2,2
Cameroon,2009,2,2
Cameroon,2010,1,1
Cameroon,2011,2,2
Cameroon,2012,2,2
Cameroon,2013,2,2
Cameroon,2014,3,3
Cameroon,2015,3,3
Cameroon,2016,2,2
Cameroon,2017,2,2
Cameroon,2018,3,2
Cameroon,2019,3,2
Cameroon,2020,2,2
Cameroon,2021,2,2
Cameroon,2022,3,2
Cameroon,2023,3,3
Cameroon,2024,2,2
Canada,2021,1,1
Canada,2022,1,1
Canada,2023,1,1
Canada,2024,1,1
Cape Verde,2020,1,1
Cape Verde,2021,1,1
Cape Verde,2022,1,1
Cape Verde,2023,1,1
Cape Verde,2024,1,1
Caribbean Netherlands,2018,1,1
Caribbean Netherlands,2019,1,1
Caribbean Netherlands,2020,1,1
Caribbean Netherlands,2021,1,1
Caribbean Netherlands,2022,1,1
Caribbean Netherlands,2023,1,1
Cayman Islands,2020,1,1
Cayman Islands,2022,1,1
Central African Republic,1997,2,2
Central African Republic,1998,1,1
Central African Republic,1999,2,2
Central African Republic,2000,1,1
Central African Republic,2001,2,2
Central African Republic,2002,2,2
Central African Republic,2003,2,2
Central African Republic,2004,2,2
Central African Republic,2005,2,2
Central African Republic,2006,2,2
Central African Republic,2007,2,2
Central African Republic,2008,2,2
Central African Republic,2009,2,2
Central African Republic,2010,2,2
Central African Republic,2011,2,2
Central African Republic,2012,2,2
Central African Republic,2013,3,2
Central African Republic,2014,2,2
Central African Republic,2015,2,2
Central African Republic,2016,2,2
Central African Republic,2017,2,2
Central African Republic,2018,2,2
Central African Republic,2019,2,2
Central African Republic,2020,2,2
Central African Republic,2021,2,2
Central African Republic,2022,2,2
Central African Republic,2023,2,2
Central African Republic,2024,2,2
Chad,1997,2,2
Chad,1998,2,2
Chad,1999,1,1
Chad,2000,2,2
Chad,2001,2,2
Chad,2002,2,2
Chad,2003,2,2
Chad,2004,2,2
Chad,2005,2,2
Chad,2006,2,2
Chad,2007,2,2
Chad,2008,2,2
Chad,2009,2,2
Chad,2010,1,1
Chad,2011,1,1
Chad,2012,2,2
Chad,2013,2,2
Chad,2014,2,2
Chad,2015,2,2
Chad,2016,2,2
Chad,2017,2,2
Chad,2018,2,2
Chad,2019,2,2
Chad,2020,2,2
Chad,2021,2,2
Chad,2022,2,2
Chad,2023,2,2
Chad,2024,2,2
Chile,2018,1,1
Chile,2019,2,2
Chile,2020,2,2
Chile,2021,2,2
Chile,2022,1,1
Chile,2023,1,1
Chile,2024,2,2
China,2018,1,1
China,2019,1,1
China,2020,1,1
China,2021,1,1
China,2022,1,1
China,2023,1,1
China,2024,1,1
Christmas Island,2022,1,1
Colombia,2018,2,2
Colombia,2019,2,2
Colombia,2020,2,2
Colombia,2021,2,2
Colombia,2022,2,2
Colombia,2023,2,2
Colombia,2024,2,2
Comoros,2020,1,1
Comoros,2021,1,1
Comoros,2022,1,1
Comoros,2023,1,1
Comoros,2024,1,1
Cook Islands,2021,2,2
Cook Islands,2022,2,2
Cook Islands,2024,2,2
Costa Rica,2018,1,1
Costa Rica,2019,2,2
Costa Rica,2020,1,1
Costa Rica,2021,1,1
Costa Rica,2022,1,1
Costa Rica,2023,1,1
Costa Rica,2024,1,1
Croatia,2018,1,1
Croatia,2019,1,1
Croatia,2020,1,1
Croatia,2021,1,1
Croatia,2022,1,1
Croatia,2023,1,1
Croatia,2024,1,1
Cuba,2018,1,1
Cuba,2019,1,1
Cuba,2020,1,1
Cuba,2021,1,1
Cuba,2022,1,1
Cuba,2023,2,2
Cuba,2024,1,1
Curacao,2018,1,1
Curacao,2019,1,1
Curacao,2020,1,1
Curacao,2021,1,1
Curacao,2022,1,1
Curacao,2023,1,1
Curacao,2024,1,1
Cyprus,2018,1,1
Cyprus,2019,1,1
Cyprus,2020,1,1
Cyprus,2021,1,1
Cyprus,2022,1,1
Cyprus,2023,1,1
Cyprus,2024,1,1
Czech Republic,2020,1,1
Czech Republic,2021,1,1
Czech Republic,2022,1,1
Czech Republic,2023,1,1
Czech Republic,2024,1,1
Democratic Republic of Congo,1997,2,2
Democratic Republic of Congo,1998,2,2
Democratic Republic of Congo,1999,2,2
Democratic Republic of Congo,2000,2,2
Democratic Republic of Congo,2001,2,2
Democratic Republic of Congo,2002,2,2
Democratic Republic of Congo,2003,2,2
Democratic Republic of Congo,2004,2,2
Democratic Republic of Congo,2005,2,2
Democratic Republic of Congo,2006,2,2
Democratic Republic of Congo,2007,2,2
Democratic Republic of Congo,2008,3,2
Democratic Republic of Congo,2009,3,2
Democratic Republic of Congo,2010,2,2
Democratic Republic of Congo,2011,2,2
Democratic Republic of Congo,2012,2,2
Democratic Republic of Congo,2013,2,2
Democratic Republic of Congo,2014,2,2
Democratic Republic of Congo,2015,2,2
Democratic Republic of Congo,2016,2,2
Democratic Republic of Congo,2017,2,2
Democratic Republic of Congo,2018,3,3
Democratic Republic of Congo,2019,3,3
Democratic Republic of Congo,2020,3,3
Democratic Republic of Congo,2021,3,3
Democratic Republic of Congo,2022,3,3
Democratic Republic of Congo,2023,3,3
Democratic Republic of Congo,2024,3,2
Denmark,2020,1,1
Denmark,2021,1,1
Denmark,2022,1,1
Denmark,2023,1,1
Denmark,2024,1,1
Djibouti,1998,1,1
Djibouti,1999,1,1
Djibouti,2000,2,2
Djibouti,2001,1,1
Djibouti,2002,1,1
Djibouti,2003,2,2
Djibouti,2004,2,2
Djibouti,2005,1,1
Djibouti,2006,1,1
Djibouti,2007,1,1
Djibouti,2008,1,1
Djibouti,2009,1,1
Djibouti,2010,1,1
Djibouti,2011,2,2
Djibouti,2012,2,2
Djibouti,2013,2,2
Djibouti,2014,2,2
Djibouti,2015,2,2
Djibouti,2016,1,1
Djibouti,2017,1,1
Djibouti,2018,1,1
Djibouti,2019,1,1
Djibouti,2020,1,1
Djibouti,2021,2,2
Djibouti,2022,1,1
Djibouti,2023,2,2
Djibouti,2024,1,1
Dominica,2018,1,1
Dominica,2019,1,1
Dominica,2020,1,1
Dominica,2021,1,1
Dominica,2022,1,1
Dominica,2023,1,1
Dominica,2024,1,1
Dominican Republic,2018,1,1
Dominican Republic,2019,2,2
Dominican Republic,2020,1,1
Dominican Republic,2021,1,1
Dominican Republic,2022,2,2
Dominican Republic,2023,1,1
Dominican Republic,2024,1,1
East Timor,2020,1,1
East Timor,2021,1,1
East Timor,2022,1,1
East Timor,2023,1,1
East Timor,2024,1,1
Ecuador,2018,1,1
Ecuador,2019,1,1
Ecuador,2020,2,2
Ecuador,2021,1,1
Ecuador,2022,1,1
Ecuador,2023,2,2
Ecuador,2024,2,2
Egypt,1997,2,2
Egypt,1998,2,2
Egypt,1999,2,2
Egypt,2000,2,2
Egypt,2001,1,1
Egypt,2002,1,1
Egypt,2003,1,1
Egypt,2004,2,2
Egypt,2005,1,1
Egypt,2006,1,1
Egypt,2007,1,1
Egypt,2008,2,2
Egypt,2009,1,1
Egypt,2010,2,2
Egypt,2011,2,2
Egypt,2012,2,2
Egypt,2013,2,2
Egypt,2014,2,2
Egypt,2015,2,2
Egypt,2016,2,2
Egypt,2017,3,3
Egypt,2018,3,3
Egypt,2019,2,2
Egypt,2020,2,2
Egypt,2021,2,2
Egypt,2022,2,2
Egypt,2023,1,1
Egypt,2024,1,1
El Salvador,2018,2,2
El Salvador,2019,2,2
El Salvador,2020,2,2
El Salvador,2021,2,2
El Salvador,2022,2,2
El Salvador,2023,2,2
El Salvador,2024,2,2
Equatorial Guinea,1997,1,1
Equatorial Guinea,1998,1,1
Equatorial Guinea,2000,1,1
Equatorial Guinea,2001,1,1
Equatorial Guinea,2002,1,1
Equatorial Guinea,2004,1,1
Equatorial Guinea,2005,2,2
Equatorial Guinea,2006,1,1
Equatorial Guinea,2007,1,1
Equatorial Guinea,2008,2,2
Equatorial Guinea,2009,2,2
Equatorial Guinea,2010,1,1
Equatorial Guinea,2011,1,1
Equatorial Guinea,2012,1,1
Equatorial Guinea,2013,2,2
Equatorial Guinea,2014,1,1
Equatorial Guinea,2015,2,2
Equatorial Guinea,2016,1,1
Equatorial Guinea,2017,2,2
Equatorial Guinea,2018,2,2
Equatorial Guinea,2019,1,1
Equatorial Guinea,2020,1,1
Equatorial Guinea,2021,2,1
Equatorial Guinea,2022,2,2
Equatorial Guinea,2023,1,1
Eritrea,1997,2,2
Eritrea,1998,2,2
Eritrea,1999,3,3
Eritrea,2000,1,1
Eritrea,2001,2,2
Eritrea,2002,2,2
Eritrea,2003,2,2
Eritrea,2004,2,2
Eritrea,2005,2,2
Eritrea,2006,1,1
Eritrea,2007,2,2
Eritrea,2008,2,2
Eritrea,2009,2,2
Eritrea,2010,2,2
Eritrea,2011,2,2
Eritrea,2012,1,1
Eritrea,2013,1,1
Eritrea,2014,2,2
Eritrea,2015,1,1
Eritrea,2016,1,1
Eritrea,2017,2,2
Eritrea,2018,1,1
Eritrea,2019,1,1
Eritrea,2020,1,1
Eritrea,2021,1,1
Eritrea,2022,1,1
Eritrea,2023,1,1
Eritrea,2024,1,1
Estonia,2020,1,1
Estonia,2021,1,1
Estonia,2022,1,1
Estonia,2023,1,1
Estonia,2024,1,1
Ethiopia,1997,2,2
Ethiopia,1998,2,2
Ethiopia,1999,3,3
Ethiopia,2000,2,2
Ethiopia,2001,2,2
Ethiopia,2002,2,2
Ethiopia,2003,2,2
Ethiopia,2004,2,2
Ethiopia,2005,2,2
Ethiopia,2006,2,2
Ethiopia,2007,3,3
Ethiopia,2008,2,2
Ethiopia,2009,3,3
Ethiopia,2010,2,2
Ethiopia,2011,2,2
Ethiopia,2012,2,2
Ethiopia,2013,2,2
Ethiopia,2014,2,2
Ethiopia,2015,3,3
Ethiopia,2016,3,3
Ethiopia,2017,3,3
Ethiopia,2018,2,2
Ethiopia,2019,2,2
Ethiopia,2020,3,3
Ethiopia,2021,3,3
Ethiopia,2022,3,3
Ethiopia,2023,3,3
Ethiopia,2024,3,3
Falkland Islands,2021,1,1
Faroe Islands,2020,1,1
Faroe Islands,2022,1,1
Faroe Islands,2023,1,1
Faroe Islands,2024,1,1
Fiji,2021,2,2
Fiji,2022,2,2
Fiji,2023,2,2
Fiji,2024,2,2
Finland,2020,1,1
Finland,2021,1,1
Finland,2022,1,1
Finland,2023,1,1
Finland,2024,1,1
France,2020,1,1
France,2021,1,1
France,2022,1,1
France,2023,1,1
France,2024,1,1
French Guiana,2018,1,1
French Guiana,2020,1,1
French Guiana,2021,1,1
French Guiana,2022,1,1
French Guiana,2023,2,2
French Guiana,2024,1,1
French Polynesia,2021,1,1
French Polynesia,2022,1,1
French Polynesia,2023,1,1
French Polynesia,2024,1,1
Gabon,1998,1,1
Gabon,1999,2,2
Gabon,2000,1,1
Gabon,2001,1,1
Gabon,2002,1,1
Gabon,2003,1,1
Gabon,2004,2,2
Gabon,2005,1,1
Gabon,2006,2,2
Gabon,2008,1,1
Gabon,2009,1,1
Gabon,2010,1,1
Gabon,2011,1,1
Gabon,2012,1,1
Gabon,2013,1,1
Gabon,2014,2,2
Gabon,2015,1,1
Gabon,2016,2,2
Gabon,2017,1,1
Gabon,2018,1,1
Gabon,2019,1,1
Gabon,2020,1,1
Gabon,2021,2,2
Gabon,2022,1,1
Gabon,2023,1,1
Gabon,2024,1,1
Gambia,1998,2,2
Gambia,1999,2,2
Gambia,2000,2,2
Gambia,2001,2,2
Gambia,2002,1,1
Gambia,2003,1,1
Gambia,2004,2,2
Gambia,2005,2,2
Gambia,2006,1,1
Gambia,2007,2,2
Gambia,2008,2,2
Gambia,2009,2,2
Gambia,2010,1,1
Gambia,2011,1,1
Gambia,2012,1,1
Gambia,2013,1,1
Gambia,2014,2,2
Gambia,2015,1,1
Gambia,2016,1,1
Gambia,2017,1,1
Gambia,2018,1,1
Gambia,2019,1,1
Gambia,2020,1,1
Gambia,2021,1,1
Gambia,2022,1,1
Gambia,2023,1,1
Gambia,2024,1,1
Georgia,2018,1,1
Georgia,2019,1,1
Georgia,2020,1,1
Georgia,2021,1,1
Georgia,2022,1,1
Georgia,2023,1,1
Georgia,2024,1,1
Germany,2020,1,1
Germany,2021,1,1
Germany,2022,1,1
Germany,2023,1,1
Germany,2024,1,1
Ghana,1997,2,2
Ghana,1998,2,2
Ghana,1999,1,1
Ghana,2000,2,2
Ghana,2001,2,2
Ghana,2002,2,2
Ghana,2003,2,2
Ghana,2004,2,2
Ghana,2005,1,1
Ghana,2006,1,1
Ghana,2007,1,1
Ghana,2008,2,2
Ghana,2009,2,2
Ghana,2010,2,2
Ghana,2011,2,2
Ghana,2012,2,2
Ghana,2013,2,2
Ghana,2014,1,1
Ghana,2015,2,2
Ghana,2016,2,2
Ghana,2017,2,2
Ghana,2018,2,2
Ghana,2019,2,2
Ghana,2020,2,2
Ghana,2021,2,2
Ghana,2022,2,2
Ghana,2023,2,2
Ghana,2024,2,2
Gibraltar,2021,1,1
Gibraltar,2022,1,1
Gibraltar,2023,1,1
Greece,2018,2,2
Greece,2019,1,1
Greece,2020,1,1
Greece,2021,1,1
Greece,2022,2,2
Greece,2023,2,2
Greece,2024,1,1
Greenland,2020,1,1
Greenland,2021,1,1
Greenland,2022,1,1
Greenland,2023,1,1
Greenland,2024,1,1
Grenada,2018,1,1
Grenada,2019,1,1
Grenada,2020,2,2
Grenada,2021,1,1
Grenada,2022,1,1
Grenada,2023,1,1
Guadeloupe,2018,1,1
Guadeloupe,2019,1,1
Guadeloupe,2020,1,1
Guadeloupe,2021,1,1
Guadeloupe,2022,1,1
Guadeloupe,2023,1,1
Guadeloupe,2024,1,1
Guam,2021,1,1
Guam,2022,1,1
Guam,2023,1,1
Guam,2024,1,1
Guatemala,2018,2,2
Guatemala,2019,2,2
Guatemala,2020,2,2
Guatemala,2021,2,2
Guatemala,2022,2,2
Guatemala,2023,2,2
Guatemala,2024,2,2
Guinea,1997,1,1
Guinea,1998,2,2
Guinea,1999,2,2
Guinea,2000,3,2
Guinea,2001,2,2
Guinea,2002,2,2
Guinea,2003,1,1
Guinea,2004,1,1
Guinea,2005,2,2
Guinea,2006,2,2
Guinea,2007,2,2
Guinea,2008,2,2
Guinea,2009,2,2
Guinea,2010,2,2
Guinea,2011,2,2
Guinea,2012,2,2
Guinea,2013,2,2
Guinea,2014,2,2
Guinea,2015,2,2
Guinea,2016,2,2
Guinea,2017,2,2
Guinea,2018,2,2
Guinea,2019,2,2
Guinea,2020,2,2
Guinea,2021,2,2
Guinea,2022,2,2
Guinea,2023,2,2
Guinea,2024,2,2
Guinea-Bissau,1998,2,2
Guinea-Bissau,1999,2,2
Guinea-Bissau,2000,2,2
Guinea-Bissau,2001,2,2
Guinea-Bissau,2002,2,2
Guinea-Bissau,2003,1,1
Guinea-Bissau,2004,2,2
Guinea-Bissau,2005,2,2
Guinea-Bissau,2006,2,2
Guinea-Bissau,2007,2,2
Guinea-Bissau,2008,2,2
Guinea-Bissau,2009,2,2
Guinea-Bissau,2010,1,1
Guinea-Bissau,2011,1,1
Guinea-Bissau,2012,2,2
Guinea-Bissau,2013,1,1
Guinea-Bissau,2014,1,1
Guinea-Bissau,2015,2,2
Guinea-Bissau,2016,1,1
Guinea-Bissau,2017,1,1
Guinea-Bissau,2018,1,1
Guinea-Bissau,2019,2,2
Guinea-Bissau,2020,1,1
Guinea-Bissau,2021,1,1
Guinea-Bissau,2022,1,1
Guinea-Bissau,2023,2,2
Guinea-Bissau,2024,1,1
Guyana,2018,1,1
Guyana,2019,1,1
Guyana,2020,2,2
Guyana,2021,1,1
Guyana,2022,2,2
Guyana,2023,1,1
Guyana,2024,1,1
Haiti,2018,2,2
Haiti,2019,2,2
Haiti,2020,2,2
Haiti,2021,3,2
Haiti,2022,3,3
Haiti,2023,3,3
Haiti,2024,3,3
Honduras,2018,2,2
Honduras,2019,2,2
Honduras,2020,2,2
Honduras,2021,2,2
Honduras,2022,2,2
Honduras,2023,2,2
Honduras,2024,2,2
Hungary,2020,1,1
Hungary,2021,1,1
Hungary,2022,1,1
Hungary,2023,1,1
Hungary,2024,1,1
Iceland,2020,2,2
Iceland,2021,1,1
Iceland,2022,1,1
Iceland,2023,1,1
Iceland,2024,1,1
India,2016,2,2
India,2017,2,2
India,2018,2,2
India,2019,2,2
India,2020,2,2
India,2021,2,2
India,2022,2,2
India,2023,2,2
India,2024,2,2
Indonesia,2015,2,2
Indonesia,2016,1,1
Indonesia,2017,1,1
Indonesia,2018,2,2
Indonesia,2019,2,2
Indonesia,2020,2,2
Indonesia,2021,1,1
Indonesia,2022,2,2
Indonesia,2023,2,2
Indonesia,2024,1,1
Iran,2016,2,2
Iran,2017,2,2
Iran,2018,1,1
Iran,2019,2,2
Iran,2020,2,2
Iran,2021,2,2
Iran,2022,2,2
Iran,2023,2,2
Iran,2024,1,1
Iraq,2016,3,3
Iraq,2017,3,3
Iraq,2018,2,2
Iraq,2019,2,2
Iraq,2020,2,2
Iraq,2021,2,2
Iraq,2022,2,2
Iraq,2023,2,2
Iraq,2024,2,2
Ireland,2020,1,1
Ireland,2021,1,1
Ireland,2022,1,1
Ireland,2023,1,1
Ireland,2024,1,1
Isle of Man,2020,1,1
Isle of Man,2021,1,1
Isle of Man,2022,1,1
Israel,2016,1,1
Israel,2017,1,1
Israel,2018,2,2
Israel,2019,1,1
Israel,2020,1,1
Israel,2021,2,2
Israel,2022,2,2
Israel,2023,2,2
Israel,2024,2,2
Italy,2020,1,1
Italy,2021,1,1
Italy,2022,1,1
Italy,2023,1,1
Italy,2024,1,1
Ivory Coast,1997,2,2
Ivory Coast,1998,2,2
Ivory Coast,1999,2,2
Ivory Coast,2000,2,2
Ivory Coast,2001,2,2
Ivory Coast,2002,2,2
Ivory Coast,2003,2,2
Ivory Coast,2004,2,2
Ivory Coast,2005,2,2
Ivory Coast,2006,2,2
Ivory Coast,2007,1,1
Ivory Coast,2008,2,2
Ivory Coast,2009,1,1
Ivory Coast,2010,2,2
Ivory Coast,2011,2,2
Ivory Coast,2012,2,2
Ivory Coast,2013,2,2
Ivory Coast,2014,1,1
Ivory Coast,2015,2,2
Ivory Coast,2016,2,2
Ivory Coast,2017,2,2
Ivory Coast,2018,2,2
Ivory Coast,2019,2,2
Ivory Coast,2020,2,2
Ivory Coast,2021,2,2
Ivory Coast,2022,2,2
Ivory Coast,2023,2,2
Ivory Coast,2024,2,2
Jamaica,2018,2,2
Jamaica,2019,2,2
Jamaica,2020,2,2
Jamaica,2021,2,2
Jamaica,2022,2,2
Jamaica,2023,2,2
Jamaica,2024,2,2
Japan,2018,1,1
Japan,2019,1,1
Japan,2020,1,1
Japan,2021,1,1
Japan,2022,1,1
Japan,2023,1,1
Japan,2024,1,1
Jordan,2016,1,1
Jordan,2017,2,2
Jordan,2018,2,2
Jordan,2019,2,2
Jordan,2020,2,2
Jordan,2021,1,1
Jordan,2022,2,2
Jordan,2023,1,1
Jordan,2024,1,1
Kazakhstan,2018,1,1
Kazakhstan,2019,1,1
Kazakhstan,2020,1,1
Kazakhstan,2021,1,1
Kazakhstan,2022,1,1
Kazakhstan,2023,1,1
Kazakhstan,2024,1,1
Kenya,1997,2,2
Kenya,1998,2,2
Kenya,1999,1,1
Kenya,2000,2,2
Kenya,2001,2,2
Kenya,2002,2,2
Kenya,2003,2,2
Kenya,2004,2,2
Kenya,2005,2,2
Kenya,2006,2,2
Kenya,2007,2,2
Kenya,2008,2,2
Kenya,2009,2,2
Kenya,2010,2,2
Kenya,2011,2,2
Kenya,2012,2,2
Kenya,2013,2,2
Kenya,2014,2,2
Kenya,2015,2,2
Kenya,2016,2,2
Kenya,2017,2,2
Kenya,2018,2,2
Kenya,2019,2,2
Kenya,2020,2,2
Kenya,2021,2,2
Kenya,2022,2,2
Kenya,2023,2,2
Kenya,2024,2,2
Kiribati,2024,1,1
Kosovo,2018,1,1
Kosovo,2019,1,1
Kosovo,2020,1,1
Kosovo,2021,1,1
Kosovo,2022,1,1
Kosovo,2023,1,1
Kosovo,2024,1,1
Kuwait,2016,1,1
Kuwait,2017,1,1
Kuwait,2018,1,1
Kuwait,2019,1,1
Kuwait,2020,2,2
Kuwait,2021,1,1
Kuwait,2022,1,1
Kuwait,2023,1,1
Kuwait,2024,1,1
Kyrgyzstan,2018,1,1
Kyrgyzstan,2019,1,1
Kyrgyzstan,2020,1,1
Kyrgyzstan,2021,1,1
Kyrgyzstan,2022,1,1
Kyrgyzstan,2023,1,1
Kyrgyzstan,2024,1,1
Laos,2010,1,1
Laos,2011,1,1
Laos,2012,1,1
Laos,2015,2,2
Laos,2016,2,2
Laos,2017,2,2
Laos,2018,1,1
Laos,2019,1,1
Laos,2020,2,2
Laos,2021,2,2
Laos,2022,1,1
Laos,2023,1,1
Latvia,2020,1,1
Latvia,2021,1,1
Latvia,2022,1,1
Latvia,2023,1,1
Latvia,2024,1,1
Lebanon,2016,2,2
Lebanon,2017,2,2
Lebanon,2018,2,2
Lebanon,2019,2,2
Lebanon,2020,2,2
Lebanon,2021,2,2
Lebanon,2022,2,2
Lebanon,2023,2,2
Lebanon,2024,2,2
Lesotho,1997,2,2
Lesotho,1998,2,2
Lesotho,1999,2,2
Lesotho,2000,2,2
Lesotho,2001,1,1
Lesotho,2002,2,2
Lesotho,2003,2,2
Lesotho,2004,1,1
Lesotho,2006,2,2
Lesotho,2007,2,2
Lesotho,2008,1,1
Lesotho,2009,1,1
Lesotho,2010,1,1
Lesotho,2011,1,1
Lesotho,2012,2,2
Lesotho,2014,2,2
Lesotho,2015,2,2
Lesotho,2016,1,1
Lesotho,2017,2,2
Lesotho,2018,2,2
Lesotho,2019,2,2
Lesotho,2020,2,2
Lesotho,2021,2,2
Lesotho,2022,2,2
Lesotho,2023,2,2
Lesotho,2024,1,1
Liberia,1997,1,1
Liberia,1998,2,2
Liberia,1999,2,2
Liberia,2000,1,1
Liberia,2001,2,2
Liberia,2002,1,1
Liberia,2003,1,1
Liberia,2004,2,2
Liberia,2005,2,2
Liberia,2006,1,1
Liberia,2007,1,1
Liberia,2008,1,1
Liberia,2009,1,1
Liberia,2010,1,1
Liberia,2011,2,2
Liberia,2012,1,1
Liberia,2013,1,1
Liberia,2014,2,2
Liberia,2015,2,2
Liberia,2016,2,2
Liberia,2017,2,2
Liberia,2018,1,1
Liberia,2019,2,2
Liberia,2020,1,1
Liberia,2021,2,2
Liberia,2022,2,2
Liberia,2023,2,2
Liberia,2024,1,1
Libya,1997,2,2
Libya,1998,2,2
Libya,1999,1,1
Libya,2000,2,2
Libya,2001,3,3
Libya,2002,1,1
Libya,2003,1,1
Libya,2004,2,2
Libya,2005,1,1
Libya,2006,2,2
Libya,2007,2,2
Libya,2008,2,2
Libya,2009,2,2
Libya,2010,1,1
Libya,2011,3,3
Libya,2012,2,2
Libya,2013,2,2
Libya,2014,3,3
Libya,2015,3,3
Libya,2016,3,3
Libya,2017,2,2
Libya,2018,2,2
Libya,2019,3,3
Libya,2020,3,3
Libya,2021,2,2
Libya,2022,2,2
Libya,2023,2,2
Libya,2024,2,2
Liechtenstein,2020,1,1
Liechtenstein,2021,1,1
Liechtenstein,2022,1,1
Liechtenstein,2024,1,1
Lithuania,2020,1,1
Lithuania,2021,1,1
Lithuania,2022,1,1
Lithuania,2023,1,1
Lithuania,2024,1,1
Luxembourg,2020,1,1
Luxembourg,2021,1,1
Luxembourg,2022,1,1
Luxembourg,2023,1,1
Luxembourg,2024,1,1
Madagascar,1997,1,1
Madagascar,1998,1,1
Madagascar,1999,1,1
Madagascar,2000,1,1
Madagascar,2001,2,2
Madagascar,2002,2,2
Madagascar,2003,1,1
Madagascar,2004,1,1
Madagascar,2005,2,2
Madagascar,2006,1,1
Madagascar,2007,1,1
Madagascar,2008,2,2
Madagascar,2009,2,2
Madagascar,2010,1,1
Madagascar,2011,1,1
Madagascar,2012,2,2
Madagascar,2013,2,2
Madagascar,2014,2,2
Madagascar,2015,2,2
Madagascar,2016,2,2
Madagascar,2017,2,2
Madagascar,2018,2,2
Madagascar,2019,2,2
Madagascar,2020,2,2
Madagascar,2021,2,2
Madagascar,2022,2,2
Madagascar,2023,2,2
Madagascar,2024,2,2
Malawi,1997,1,1
Malawi,1998,1,1
Malawi,1999,1,1
Malawi,2000,2,2
Malawi,2001,2,2
Malawi,2002,2,2
Malawi,2003,1,1
Malawi,2004,2,2
Malawi,2005,1,1
Malawi,2006,1,1
Malawi,2007,1,1
Malawi,2008,1,1
Malawi,2009,2,2
Malawi,2010,2,2
Malawi,2011,2,2
Malawi,2012,2,2
Malawi,2013,2,2
Malawi,2014,2,2
Malawi,2015,2,2
Malawi,2016,2,2
Malawi,2017,2,2
Malawi,2018,2,2
Malawi,2019,2,2
Malawi,2020,2,2
Malawi,2021,2,2
Malawi,2022,2,2
Malawi,2023,2,2
Malawi,2024,2,2
Malaysia,2018,2,2
Malaysia,2019,1,1
Malaysia,2020,1,1
Malaysia,2021,1,1
Malaysia,2022,1,1
Malaysia,2023,1,1
Malaysia,2024,1,1
Maldives,2020,1,1
Maldives,2021,1,1
Maldives,2022,1,1
Maldives,2023,1,1
Maldives,2024,1,1
Mali,1997,2,2
Mali,1998,1,1
Mali,1999,2,2
Mali,2000,2,2
Mali,2001,2,2
Mali,2002,2,2
Mali,2003,2,2
Mali,2004,1,1
Mali,2005,1,1
Mali,2006,1,1
Mali,2007,2,2
Mali,2008,2,2
Mali,2009,2,2
Mali,2010,2,2
Mali,2011,2,2
Mali,2012,2,2
Mali,2013,2,2
Mali,2014,2,2
Mali,2015,2,2
Mali,2016,2,2
Mali,2017,2,2
Mali,2018,2,2
Mali,2019,3,2
Mali,2020,3,2
Mali,2021,3,2
Mali,2022,3,3
Mali,2023,3,3
Mali,2024,2,2
Malta,2020,1,1
Malta,2021,1,1
Malta,2022,1,1
Malta,2023,1,1
Malta,2024,1,1
Marshall Islands,2023,1,1
Marshall Islands,2024,1,1
Martinique,2018,1,1
Martinique,2019,1,1
Martinique,2020,1,1
Martinique,2021,1,1
Martinique,2022,1,1
Martinique,2023,1,1
Martinique,2024,1,1
Mauritania,1997,1,1
Mauritania,1998,1,1
Mauritania,1999,1,1
Mauritania,2000,1,1
Mauritania,2001,2,2
Mauritania,2002,2,2
Mauritania,2003,2,2
Mauritania,2004,1,1
Mauritania,2005,1,1
Mauritania,2006,1,1
Mauritania,2007,2,2
Mauritania,2008,1,1
Mauritania,2009,2,2
Mauritania,2010,1,1
Mauritania,2011,2,2
Mauritania,2012,2,2
Mauritania,2013,1,1
Mauritania,2014,1,1
Mauritania,2015,1,1
Mauritania,2016,1,1
Mauritania,2017,1,1
Mauritania,2018,1,1
Mauritania,2019,1,1
Mauritania,2020,1,1
Mauritania,2021,1,1
Mauritania,2022,1,1
Mauritania,2023,1,1
Mauritania,2024,1,1
Mauritius,2020,1,1
Mauritius,2021,1,1
Mauritius,2022,1,1
Mauritius,2023,1,1
Mauritius,2024,1,1
Mayotte,2020,1,1
Mayotte,2021,1,1
Mayotte,2022,1,1
Mayotte,2023,1,1
Mayotte,2024,1,1
Mexico,2018,3,2
Mexico,2019,2,2
Mexico,2020,2,2
Mexico,2021,2,2
Mexico,2022,2,2
Mexico,2023,2,2
Mexico,2024,2,2
Micronesia,2023,1,1
Moldova,2018,1,1
Moldova,2019,1,1
Moldova,2020,1,1
Moldova,2021,1,1
Moldova,2022,1,1
Moldova,2023,1,1
Moldova,2024,1,1
Monaco,2020,1,1
Monaco,2021,1,1
Monaco,2022,1,1
Monaco,2023,1,1
Monaco,2024,1,1
Mongolia,2018,1,1
Mongolia,2019,1,1
Mongolia,2020,1,1
Mongolia,2021,1,1
Mongolia,2022,1,1
Mongolia,2023,1,1
Mongolia,2024,1,1
Montenegro,2018,1,1
Montenegro,2019,1,1
Montenegro,2020,1,1
Montenegro,2021,1,1
Montenegro,2022,1,1
Montenegro,2023,1,1
Montenegro,2024,1,1
Montserrat,2020,1,1
Montserrat,2022,1,1
Morocco,1997,2,2
Morocco,1998,1,1
Morocco,1999,1,1
Morocco,2000,1,1
Morocco,2001,1,1
Morocco,2002,1,1
Morocco,2003,1,1
Morocco,2004,1,1
Morocco,2005,1,1
Morocco,2006,1,1
Morocco,2007,1,1
Morocco,2008,1,1
Morocco,2009,1,1
Morocco,2010,2,2
Morocco,2011,1,1
Morocco,2012,1,1
Morocco,2013,1,1
Morocco,2014,1,1
Morocco,2015,1,1
Morocco,2016,1,1
Morocco,2017,1,1
Morocco,2018,1,1
Morocco,2019,1,1
Morocco,2020,1,1
Morocco,2021,1,1
Morocco,2022,1,1
Morocco,2023,1,1
Morocco,2024,1,1
Mozambique,1997,1,1
Mozambique,1998,1,1
Mozambique,1999,1,1
Mozambique,2000,1,1
Mozambique,2001,1,1
Mozambique,2002,1,1
Mozambique,2003,1,1
Mozambique,2004,1,1
Mozambique,2005,2,2
Mozambique,2006,1,1
Mozambique,2007,1,1
Mozambique,2008,1,1
Mozambique,2009,1,1
Mozambique,2010,2,2
Mozambique,2011,1,1
Mozambique,2012,2,2
Mozambique,2013,2,2
Mozambique,2014,2,2
Mozambique,2015,2,2
Mozambique,2016,2,2
Mozambique,2017,2,2
Mozambique,2018,2,2
Mozambique,2019,3,2
Mozambique,2020,3,3
Mozambique,2021,3,3
Mozambique,2022,3,3
Mozambique,2023,2,2
Mozambique,2024,2,2
Myanmar,2010,2,2
Myanmar,2011,2,2
Myanmar,2012,2,2
Myanmar,2013,2,2
Myanmar,2014,2,2
Myanmar,2015,2,2
Myanmar,2016,2,2
Myanmar,2017,2,2
Myanmar,2018,2,2
Myanmar,2019,2,2
Myanmar,2020,2,2
Myanmar,2021,3,2
Myanmar,2022,3,3
Myanmar,2023,3,3
Myanmar,2024,3,3
Namibia,1997,1,1
Namibia,1998,1,1
Namibia,1999,2,2
Namibia,2000,2,2
Namibia,2001,2,2
Namibia,2002,2,2
Namibia,2003,1,1
Namibia,2004,1,1
Namibia,2005,2,2
Namibia,2006,1,1
Namibia,2007,1,1
Namibia,2008,1,1
Namibia,2009,1,1
Namibia,2010,1,1
Namibia,2011,1,1
Namibia,2012,1,1
Namibia,2013,1,1
Namibia,2014,2,2
Namibia,2015,1,1
Namibia,2016,1,1
Namibia,2017,1,1
Namibia,2018,1,1
Namibia,2019,1,1
Namibia,2020,1,1
Namibia,2021,1,1
Namibia,2022,1,1
Namibia,2023,1,1
Namibia,2024,1,1
Nauru,2022,1,1
Nauru,2023,1,1
Nepal,2010,2,2
Nepal,2011,2,2
Nepal,2012,2,2
Nepal,2013,1,1
Nepal,2014,2,2
Nepal,2015,2,2
Nepal,2016,2,2
Nepal,2017,2,2
Nepal,2018,2,2
Nepal,2019,2,2
Nepal,2020,2,2
Nepal,2021,1,1
Nepal,2022,2,2
Nepal,2023,2,2
Nepal,2024,1,1
Netherlands,2020,1,1
Netherlands,2021,1,1
Netherlands,2022,1,1
Netherlands,2023,1,1
Netherlands,2024,1,1
New Caledonia,2021,2,2
New Caledonia,2022,2,2
New Caledonia,2023,2,2
New Caledonia,2024,3,3
New Zealand,2021,1,1
New Zealand,2022,1,1
New Zealand,2023,1,1
New Zealand,2024,1,1
Nicaragua,2018,2,2
Nicaragua,2019,2,2
Nicaragua,2020,1,1
Nicaragua,2021,1,1
Nicaragua,2022,1,1
Nicaragua,2023,2,2
Nicaragua,2024,1,1
Niger,1997,2,2
Niger,1998,1,1
Niger,1999,2,2
Niger,2000,2,2
Niger,2001,2,2
Niger,2002,2,2
Niger,2003,1,1
Niger,2004,2,2
Niger,2005,1,1
Niger,2006,1,1
Niger,2007,2,2
Niger,2008,2,2
Niger,2009,1,1
Niger,2010,2,2
Niger,2011,2,2
Niger,2012,1,1
Niger,2013,2,2
Niger,2014,2,2
Niger,2015,2,2
Niger,2016,2,2
Niger,2017,2,2
Niger,2018,2,2
Niger,2019,2,2
Niger,2020,3,2
Niger,2021,3,2
Niger,2022,2,2
Niger,2023,2,2
Niger,2024,2,2
Nigeria,1997,2,2
Nigeria,1998,2,2
Nigeria,1999,2,2
Nigeria,2000,2,2
Nigeria,2001,2,2
Nigeria,2002,2,2
Nigeria,2003,2,2
Nigeria,2004,2,2
Nigeria,2005,2,2
Nigeria,2006,2,2
Nigeria,2007,2,2
Nigeria,2008,2,2
Nigeria,2009,2,2
Nigeria,2010,2,2
Nigeria,2011,2,2
Nigeria,2012,2,2
Nigeria,2013,2,2
Nigeria,2014,2,2
Nigeria,2015,2,2
Nigeria,2016,2,2
Nigeria,2017,2,2
Nigeria,2018,2,2
Nigeria,2019,2,2
Nigeria,2020,2,2
Nigeria,2021,2,2
Nigeria,2022,2,2
Nigeria,2023,2,2
Nigeria,2024,2,2
North Korea,2018,1,1
North Korea,2019,1,1
North Korea,2020,2,2
North Korea,2021,2,2
North Korea,2022,2,2
North Korea,2023,1,1
North Korea,2024,1,1
North Macedonia,2018,1,1
North Macedonia,2019,1,1
North Macedonia,2020,1,1
North Macedonia,2021,1,1
North Macedonia,2022,1,1
North Macedonia,2023,1,1
North Macedonia,2024,1,1
Northern Mariana Islands,2021,2,2
Northern Mariana Islands,2023,2,2
Northern Mariana Islands,2024,2,2
Norway,2020,1,1
Norway,2021,1,1
Norway,2022,1,1
Norway,2023,1,1
Norway,2024,1,1
Oman,2016,1,1
Oman,2018,1,1
Oman,2019,1,1
Oman,2020,1,1
Oman,2021,1,1
Oman,2022,1,1
Oman,2023,1,1
Oman,2024,2,2
Pakistan,2010,2,2
Pakistan,2011,2,2
Pakistan,2012,3,3
Pakistan,2013,3,2
Pakistan,2014,2,2
Pakistan,2015,2,2
Pakistan,2016,2,2
Pakistan,2017,2,2
Pakistan,2018,2,2
Pakistan,2019,2,2
Pakistan,2020,2,2
Pakistan,2021,2,2
Pakistan,2022,2,2
Pakistan,2023,2,2
Pakistan,2024,2,2
Palestine,2016,2,2
Palestine,2017,2,2
Palestine,2018,2,2
Palestine,2019,2,2
Palestine,2020,2,2
Palestine,2021,2,2
Palestine,2022,2,2
Palestine,2023,3,3
Palestine,2024,3,3
Panama,2018,1,1
Panama,2019,1,1
Panama,2020,2,2
Panama,2021,1,1
Panama,2022,1,1
Panama,2023,1,1
Panama,2024,2,2
Papua New Guinea,2021,2,2
Papua New Guinea,2022,2,2
Papua New Guinea,2023,2,2
Papua New Guinea,2024,2,2
Paraguay,2018,1,1
Paraguay,2019,2,2
Paraguay,2020,1,1
Paraguay,2021,1,1
Paraguay,2022,2,2
Paraguay,2023,1,1
Paraguay,2024,1,1
Peru,2018,1,1
Peru,2019,2,2
Peru,2020,1,1
Peru,2021,1,1
Peru,2022,1,1
Peru,2023,2,2
Peru,2024,2,2
Philippines,2016,3,2
Philippines,2017,3,2
Philippines,2018,2,2
Philippines,2019,2,2
Philippines,2020,2,2
Philippines,2021,2,2
Philippines,2022,2,2
Philippines,2023,2,2
Philippines,2024,2,2
Poland,2020,1,1
Poland,2021,1,1
Poland,2022,1,1
Poland,2023,1,1
Poland,2024,1,1
Portugal,2020,1,1
Portugal,2021,1,1
Portugal,2022,1,1
Portugal,2023,1,1
Portugal,2024,1,1
Puerto Rico,2018,2,2
Puerto Rico,2019,2,2
Puerto Rico,2020,2,2
Puerto Rico,2021,2,2
Puerto Rico,2022,2,2
Puerto Rico,2023,2,2
Puerto Rico,2024,2,2
Qatar,2019,1,1
Qatar,2020,1,1
Qatar,2021,1,1
Qatar,2022,1,1
Qatar,2023,1,1
Qatar,2024,1,1
Republic of Congo,1997,2,2
Republic of Congo,1998,2,2
Republic of Congo,1999,2,2
Republic of Congo,2000,1,1
Republic of Congo,2001,1,1
Republic of Congo,2002,1,1
Republic of Congo,2003,1,1
Republic of Congo,2004,2,2
Republic of Congo,2005,2,2
Republic of Congo,2006,2,2
Republic of Congo,2007,2,2
Republic of Congo,2009,1,1
Republic of Congo,2010,1,1
Republic of Congo,2012,2,2
Republic of Congo,2013,2,2
Republic of Congo,2014,1,1
Republic of Congo,2015,1,1
Republic of Congo,2016,2,2
Republic of Congo,2017,1,1
Republic of Congo,2018,2,2
Republic of Congo,2019,1,1
Republic of Congo,2020,2,2
Republic of Congo,2021,2,2
Republic of Congo,2022,2,2
Republic of Congo,2023,2,2
Republic of Congo,2024,1,1
Reunion,2020,1,1
Reunion,2021,1,1
Reunion,2022,1,1
Reunion,2023,1,1
Reunion,2024,1,1
Romania,2018,1,1
Romania,2019,1,1
Romania,2020,1,1
Romania,2021,1,1
Romania,2022,1,1
Romania,2023,1,1
Romania,2024,1,1
Russia,2018,1,1
Russia,2019,1,1
Russia,2020,1,1
Russia,2021,1,1
Russia,2022,1,1
Russia,2023,2,2
Russia,2024,2,2
Rwanda,1997,3,3
Rwanda,1998,3,3
Rwanda,1999,2,2
Rwanda,2000,2,2
Rwanda,2001,2,2
Rwanda,2002,1,1
Rwanda,2003,2,2
Rwanda,2004,2,2
Rwanda,2005,2,2
Rwanda,2006,2,2
Rwanda,2007,2,2
Rwanda,2008,2,2
Rwanda,2009,2,2
Rwanda,2010,2,2
Rwanda,2011,2,2
Rwanda,2012,2,2
Rwanda,2013,2,2
Rwanda,2014,2,2
Rwanda,2015,2,2
Rwanda,2016,2,2
Rwanda,2017,2,2
Rwanda,2018,2,2
Rwanda,2019,2,2
Rwanda,2020,2,2
Rwanda,2021,2,2
Rwanda,2022,2,2
Rwanda,2023,2,2
Rwanda,2024,2,2
"Saint Helena, Ascension and Tristan da Cunha",2020,1,1
Saint Kitts and Nevis,2018,1,1
Saint Kitts and Nevis,2020,2,2
Saint Kitts and Nevis,2022,1,1
Saint Lucia,2019,1,1
Saint Lucia,2020,1,1
Saint Lucia,2021,1,1
Saint Lucia,2022,1,1
Saint Lucia,2023,1,1
Saint Lucia,2024,1,1
Saint Pierre and Miquelon,2022,1,1
Saint Pierre and Miquelon,2023,1,1
Saint Pierre and Miquelon,2024,1,1
Saint Vincent and the Grenadines,2019,1,1
Saint Vincent and the Grenadines,2020,2,2
Saint Vincent and the Grenadines,2021,1,1
Saint Vincent and the Grenadines,2022,1,1
Saint Vincent and the Grenadines,2023,1,1
Saint Vincent and the Grenadines,2024,1,1
Saint-Barthelemy,2022,1,1
Saint-Barthelemy,2024,1,1
Saint-Martin,2019,1,1
Saint-Martin,2020,1,1
Saint-Martin,2021,1,1
Saint-Martin,2022,1,1
Saint-Martin,2023,1,1
Saint-Martin,2024,1,1
Samoa,2021,1,1
Samoa,2022,1,1
Samoa,2023,1,1
Samoa,2024,1,1
San Marino,2020,1,1
San Marino,2021,1,1
San Marino,2022,1,1
San Marino,2023,1,1
San Marino,2024,1,1
Sao Tome and Principe,2020,1,1
Sao Tome and Principe,2021,1,1
Sao Tome and Principe,2022,2,2
Sao Tome and Principe,2023,1,1
Sao Tome and Principe,2024,1,1
Saudi Arabia,2015,2,2
Saudi Arabia,2016,2,2
Saudi Arabia,2017,3,3
Saudi Arabia,2018,3,3
Saudi Arabia,2019,2,2
Saudi Arabia,2020,2,2
Saudi Arabia,2021,1,1
Saudi Arabia,2022,2,2
Saudi Arabia,2023,2,1
Saudi Arabia,2024,1,1
Senegal,1997,2,2
Senegal,1998,2,2
Senegal,1999,2,2
Senegal,2000,2,2
Senegal,2001,2,2
Senegal,2002,2,2
Senegal,2003,1,1
Senegal,2004,1,1
Senegal,2005,1,1
Senegal,2006,2,2
Senegal,2007,2,2
Senegal,2008,2,2
Senegal,2009,2,2
Senegal,2010,2,2
Senegal,2011,2,2
Senegal,2012,2,2
Senegal,2013,1,1
Senegal,2014,1,1
Senegal,2015,1,1
Senegal,2016,1,1
Senegal,2017,1,1
Senegal,2018,1,1
Senegal,2019,1,1
Senegal,2020,1,1
Senegal,2021,2,2
Senegal,2022,2,2
Senegal,2023,2,2
Senegal,2024,1,1
Serbia,2018,1,1
Serbia,2019,1,1
Serbia,2020,1,1
Serbia,2021,1,1
Serbia,2022,1,1
Serbia,2023,1,1
Serbia,2024,1,1
Seychelles,2020,1,1
Seychelles,2023,1,1
Seychelles,2024,1,1
Sierra Leone,1997,1,1
Sierra Leone,1998,1,1
Sierra Leone,1999,2,1
Sierra Leone,2000,1,1
Sierra Leone,2001,1,1
Sierra Leone,2002,2,2
Sierra Leone,2003,1,1
Sierra Leone,2004,2,2
Sierra Leone,2005,1,1
Sierra Leone,2006,1,1
Sierra Leone,2007,1,1
Sierra Leone,2008,2,2
Sierra Leone,2009,1,1
Sierra Leone,2010,1,1
Sierra Leone,2011,2,2
Sierra Leone,2012,2,2
Sierra Leone,2013,2,2
Sierra Leone,2014,2,2
Sierra Leone,2015,2,2
Sierra Leone,2016,2,2
Sierra Leone,2017,2,2
Sierra Leone,2018,2,2
Sierra Leone,2019,2,2
Sierra Leone,2020,2,2
Sierra Leone,2021,2,2
Sierra Leone,2022,2,2
Sierra Leone,2023,2,2
Sierra Leone,2024,2,2
Singapore,2020,1,1
Singapore,2021,1,1
Singapore,2022,1,1
Singapore,2023,1,1
Singapore,2024,1,1
Sint Maarten,2019,1,1
Sint Maarten,2020,1,1
Sint Maarten,2021,1,1
Sint Maarten,2022,1,1
Sint Maarten,2023,1,1
Sint Maarten,2024,2,2
Slovakia,2020,1,1
Slovakia,2021,1,1
Slovakia,2022,1,1
Slovakia,2023,1,1
Slovakia,2024,1,1
Slovenia,2020,1,1
Slovenia,2021,1,1
Slovenia,2022,1,1
Slovenia,2023,1,1
Slovenia,2024,1,1
Solomon Islands,2021,2,2
Solomon Islands,2022,2,2
Solomon Islands,2023,2,2
Solomon Islands,2024,1,1
Somalia,1997,2,2
Somalia,1998,1,1
Somalia,1999,2,2
Somalia,2000,1,1
Somalia,2001,2,2
Somalia,2002,2,2
Somalia,2003,3,2
Somalia,2004,2,2
Somalia,2005,2,2
Somalia,2006,2,2
Somalia,2007,3,2
Somalia,2008,2,2
Somalia,2009,2,2
Somalia,2010,2,2
Somalia,2011,2,2
Somalia,2012,2,2
Somalia,2013,2,2
Somalia,2014,2,2
Somalia,2015,2,2
Somalia,2016,2,2
Somalia,2017,2,2
Somalia,2018,2,2
Somalia,2019,2,2
Somalia,2020,2,2
Somalia,2021,2,2
Somalia,2022,3,3
Somalia,2023,3,2
Somalia,2024,2,2
South Africa,1997,2,2
South Africa,1998,2,2
South Africa,1999,2,2
South Africa,2000,2,2
South Africa,2001,2,2
South Africa,2002,2,2
South Africa,2003,1,1
South Africa,2004,1,1
South Africa,2005,2,2
South Africa,2006,2,2
South Africa,2007,2,2
South Africa,2008,2,2
South Africa,2009,2,2
South Africa,2010,2,2
South Africa,2011,2,2
South Africa,2012,2,2
South Africa,2013,2,2
South Africa,2014,2,2
South Africa,2015,2,2
South Africa,2016,2,2
South Africa,2017,2,2
South Africa,2018,2,2
South Africa,2019,2,2
South Africa,2020,2,2
South Africa,2021,2,2
South Africa,2022,2,2
South Africa,2023,2,2
South Africa,2024,2,2
South Korea,2018,1,1
South Korea,2019,1,1
South Korea,2020,1,1
South Korea,2021,1,1
South Korea,2022,1,1
South Korea,2023,1,1
South Korea,2024,1,1
South Sudan,2011,2,2
South Sudan,2012,2,2
South Sudan,2013,3,3
South Sudan,2014,3,3
South Sudan,2015,2,2
South Sudan,2016,3,2
South Sudan,2017,2,2
South Sudan,2018,2,2
South Sudan,2019,2,2
South Sudan,2020,2,2
South Sudan,2021,2,2
South Sudan,2022,2,2
South Sudan,2023,2,2
South Sudan,2024,2,2
Spain,2020,1,1
Spain,2021,1,1
Spain,2022,1,1
Spain,2023,1,1
Spain,2024,1,1
Sri Lanka,2010,1,1
Sri Lanka,2011,2,2
Sri Lanka,2012,2,2
Sri Lanka,2013,2,2
Sri Lanka,2014,2,2
Sri Lanka,2015,2,2
Sri Lanka,2016,1,1
Sri Lanka,2017,2,2
Sri Lanka,2018,2,2
Sri Lanka,2019,2,2
Sri Lanka,2020,2,2
Sri Lanka,2021,2,2
Sri Lanka,2022,2,2
Sri Lanka,2023,2,2
Sri Lanka,2024,2,2
Sudan,1997,2,2
Sudan,1998,2,2
Sudan,1999,2,2
Sudan,2000,2,2
Sudan,2001,2,2
Sudan,2002,3,3
Sudan,2003,3,3
Sudan,2004,3,3
Sudan,2005,2,2
Sudan,2006,2,2
Sudan,2007,2,2
Sudan,2008,2,2
Sudan,2009,2,2
Sudan,2010,2,2
Sudan,2011,2,2
Sudan,2012,2,2
Sudan,2013,3,2
Sudan,2014,3,2
Sudan,2015,3,2
Sudan,2016,2,2
Sudan,2017,2,2
Sudan,2018,2,2
Sudan,2019,2,2
Sudan,2020,2,2
Sudan,2021,2,2
Sudan,2022,2,2
Sudan,2023,3,3
Sudan,2024,3,3
Suriname,2018,1,1
Suriname,2019,1,1
Suriname,2020,1,1
Suriname,2021,1,1
Suriname,2022,1,1
Suriname,2023,1,1
Suriname,2024,1,1
Sweden,2020,1,1
Sweden,2021,1,1
Sweden,2022,1,1
Sweden,2023,1,1
Sweden,2024,1,1
Switzerland,2020,1,1
Switzerland,2021,1,1
Switzerland,2022,1,1
Switzerland,2023,1,1
Switzerland,2024,1,1
Syria,2017,3,3
Syria,2018,3,3
Syria,2019,3,3
Syria,2020,3,3
Syria,2021,3,2
Syria,2022,3,3
Syria,2023,3,3
Syria,2024,2,2
Taiwan,2018,1,1
Taiwan,2019,1,1
Taiwan,2020,1,1
Taiwan,2021,1,1
Taiwan,2022,1,1
Taiwan,2023,1,1
Taiwan,2024,1,1
Tajikistan,2018,2,2
Tajikistan,2019,1,1
Tajikistan,2020,1,1
Tajikistan,2021,2,2
Tajikistan,2022,2,2
Tajikistan,2023,1,1
Tajikistan,2024,1,1
Tanzania,1997,2,2
Tanzania,1998,1,1
Tanzania,1999,2,2
Tanzania,2000,2,2
Tanzania,2001,2,2
Tanzania,2002,2,2
Tanzania,2003,2,2
Tanzania,2004,1,1
Tanzania,2005,2,2
Tanzania,2006,2,2
Tanzania,2007,1,1
Tanzania,2008,1,1
Tanzania,2009,2,2
Tanzania,2010,2,2
Tanzania,2011,2,2
Tanzania,2012,2,2
Tanzania,2013,1,1
Tanzania,2014,1,1
Tanzania,2015,1,1
Tanzania,2016,1,1
Tanzania,2017,2,2
Tanzania,2018,2,2
Tanzania,2019,2,2
Tanzania,2020,2,2
Tanzania,2021,2,2
Tanzania,2022,2,2
Tanzania,2023,2,2
Tanzania,2024,1,1
Thailand,2010,2,2
Thailand,2011,2,2
Thailand,2012,2,2
Thailand,2013,2,2
Thailand,2014,2,2
Thailand,2015,2,2
Thailand,2016,2,2
Thailand,2017,2,2
Thailand,2018,2,2
Thailand,2019,2,2
Thailand,2020,1,1
Thailand,2021,2,2
Thailand,2022,1,1
Thailand,2023,1,1
Thailand,2024,1,1
Togo,1997,1,1
Togo,1998,2,2
Togo,1999,2,2
Togo,2000,1,1
Togo,2001,1,1
Togo,2002,1,1
Togo,2003,1,1
Togo,2004,2,2
Togo,2005,2,2
Togo,2006,2,2
Togo,2007,1,1
Togo,2008,1,1
Togo,2009,1,1
Togo,2010,1,1
Togo,2011,1,1
Togo,2012,1,1
Togo,2013,1,1
Togo,2014,1,1
Togo,2015,1,1
Togo,2016,1,1
Togo,2017,2,2
Togo,2018,2,2
Togo,2019,2,2
Togo,2020,2,2
Togo,2021,2,2
Togo,2022,2,2
Togo,2023,2,2
Togo,2024,1,1
Tonga,2021,1,1
Tonga,2022,1,1
Tonga,2024,1,1
Trinidad and Tobago,2018,2,2
Trinidad and Tobago,2019,2,2
Trinidad and Tobago,2020,2,2
Trinidad and Tobago,2021,2,2
Trinidad and Tobago,2022,2,2
Trinidad and Tobago,2023,2,2
Trinidad and Tobago,2024,2,2
Tunisia,1998,1,1
Tunisia,1999,2,2
Tunisia,2000,1,1
Tunisia,2001,1,1
Tunisia,2002,1,1
Tunisia,2003,1,1
Tunisia,2004,1,1
Tunisia,2005,1,1
Tunisia,2008,2,2
Tunisia,2009,1,1
Tunisia,2010,2,2
Tunisia,2011,1,1
Tunisia,2012,1,1
Tunisia,2013,2,2
Tunisia,2014,2,2
Tunisia,2015,1,1
Tunisia,2016,1,1
Tunisia,2017,1,1
Tunisia,2018,1,1
Tunisia,2019,1,1
Tunisia,2020,1,1
Tunisia,2021,1,1
Tunisia,2022,1,1
Tunisia,2023,1,1
Tunisia,2024,1,1
Turkey,2016,2,2
Turkey,2017,2,2
Turkey,2018,2,2
Turkey,2019,2,2
Turkey,2020,1,1
Turkey,2021,2,2
Turkey,2022,2,2
Turkey,2023,1,1
Turkey,2024,1,1
Turkmenistan,2018,1,1
Turkmenistan,2019,2,2
Turkmenistan,2020,1,1
Turkmenistan,2021,1,1
Turkmenistan,2022,1,1
Turkmenistan,2023,1,1
Turks and Caicos Islands,2018,1,1
Turks and Caicos Islands,2019,1,1
Turks and Caicos Islands,2020,1,1
Turks and Caicos Islands,2021,1,1
Turks and Caicos Islands,2022,1,1
Turks and Caicos Islands,2023,1,1
Uganda,1997,2,2
Uganda,1998,2,2
Uganda,1999,2,2
Uganda,2000,2,2
Uganda,2001,2,2
Uganda,2002,2,2
Uganda,2003,2,2
Uganda,2004,2,2
Uganda,2005,2,2
Uganda,2006,2,2
Uganda,2007,2,2
Uganda,2008,2,2
Uganda,2009,2,2
Uganda,2010,2,2
Uganda,2011,2,2
Uganda,2012,2,2
Uganda,2013,1,1
Uganda,2014,2,2
Uganda,2015,1,1
Uganda,2016,1,1
Uganda,2017,2,2
Uganda,2018,2,2
Uganda,2019,2,2
Uganda,2020,2,2
Uganda,2021,2,2
Uganda,2022,2,2
Uganda,2023,2,2
Uganda,2024,2,2
Ukraine,2018,2,2
Ukraine,2019,2,2
Ukraine,2020,2,2
Ukraine,2021,2,2
Ukraine,2022,3,3
Ukraine,2023,3,3
Ukraine,2024,3,3
United Arab Emirates,2018,1,1
United Arab Emirates,2019,1,1
United Arab Emirates,2020,1,1
United Arab Emirates,2021,1,1
United Arab Emirates,2022,1,1
United Arab Emirates,2023,1,1
United Arab Emirates,2024,1,1
United Kingdom,2020,1,1
United Kingdom,2021,2,2
United Kingdom,2022,1,1
United Kingdom,2023,1,1
United Kingdom,2024,1,1
United States,2020,2,2
United States,2021,2,2
United States,2022,1,1
United States,2023,2,2
United States,2024,1,1
Uruguay,2018,1,1
Uruguay,2019,1,1
Uruguay,2020,1,1
Uruguay,2021,1,1
Uruguay,2022,1,1
Uruguay,2023,1,1
Uruguay,2024,1,1
Uzbekistan,2018,1,1
Uzbekistan,2019,1,1
Uzbekistan,2020,1,1
Uzbekistan,2021,1,1
Uzbekistan,2022,1,1
Uzbekistan,2023,1,1
Uzbekistan,2024,1,1
Vanuatu,2021,1,1
Vanuatu,2022,1,1
Vanuatu,2023,1,1
Vanuatu,2024,1,1
Venezuela,2018,2,2
Venezuela,2019,2,2
Venezuela,2020,2,2
Venezuela,2021,2,2
Venezuela,2022,2,2
Venezuela,2023,2,2
Venezuela,2024,2,2
Vietnam,2010,1,1
Vietnam,2011,1,1
Vietnam,2012,1,1
Vietnam,2013,1,1
Vietnam,2014,1,1
Vietnam,2015,1,1
Vietnam,2016,1,1
Vietnam,2017,1,1
Vietnam,2018,1,1
Vietnam,2019,1,1
Vietnam,2020,1,1
Vietnam,2021,1,1
Vietnam,2022,1,1
Vietnam,2023,1,1
Vietnam,2024,1,1
"Virgin Islands, U.S.",2020,2,2
"Virgin Islands, U.S.",2021,2,2
Wallis and Futuna,2021,1,1
Wallis and Futuna,2022,1,1
Wallis and Futuna,2023,1,1
Wallis and Futuna,2024,1,1
Yemen,2015,3,3
Yemen,2016,3,3
Yemen,2017,3,3
Yemen,2018,3,3
Yemen,2019,3,3
Yemen,2020,3,3
Yemen,2021,3,3
Yemen,2022,2,2
Yemen,2023,2,2
Yemen,2024,2,2
Zambia,1997,1,1
Zambia,1998,1,1
Zambia,1999,2,2
Zambia,2000,2,2
Zambia,2001,1,1
Zambia,2002,2,2
Zambia,2003,2,2
Zambia,2004,1,1
Zambia,2005,1,1
Zambia,2006,2,2
Zambia,2007,2,2
Zambia,2008,2,2
Zambia,2009,2,2
Zambia,2010,1,1
Zambia,2011,1,1
Zambia,2012,2,2
Zambia,2013,2,2
Zambia,2014,2,2
Zambia,2015,2,2
Zambia,2016,2,2
Zambia,2017,1,1
Zambia,2018,2,2
Zambia,2019,2,2
Zambia,2020,2,2
Zambia,2021,2,2
Zambia,2022,2,2
Zambia,2023,2,2
Zambia,2024,1,1
Zimbabwe,1997,2,2
Zimbabwe,1998,2,2
Zimbabwe,1999,2,2
Zimbabwe,2000,2,2
Zimbabwe,2001,2,2
Zimbabwe,2002,2,2
Zimbabwe,2003,2,2
Zimbabwe,2004,1,1
Zimbabwe,2005,1,1
Zimbabwe,2006,1,1
Zimbabwe,2007,2,2
Zimbabwe,2008,2,2
Zimbabwe,2009,2,2
Zimbabwe,2010,1,1
Zimbabwe,2011,2,2
Zimbabwe,2012,2,2
Zimbabwe,2013,1,1
Zimbabwe,2014,1,1
Zimbabwe,2015,2,2
Zimbabwe,2016,1,1
Zimbabwe,2017,2,2
Zimbabwe,2018,2,2
Zimbabwe,2019,2,2
Zimbabwe,2020,2,2
Zimbabwe,2021,2,2
Zimbabwe,2022,2,2
Zimbabwe,2023,2,2
Zimbabwe,2024,1,1
eSwatini,1997,1,1
eSwatini,1998,1,1
eSwatini,1999,2,2
eSwatini,2000,1,1
eSwatini,2001,2,2
eSwatini,2002,1,1
eSwatini,2003,1,1
eSwatini,2004,1,1
eSwatini,2005,1,1
eSwatini,2006,1,1
eSwatini,2007,1,1
eSwatini,2008,1,1
eSwatini,2009,1,1
eSwatini,2010,1,1
eSwatini,2011,1,1
eSwatini,2012,1,1
eSwatini,2013,1,1
eSwatini,2014,1,1
eSwatini,2015,1,1
eSwatini,2016,1,1
eSwatini,2017,1,1
eSwatini,2018,1,1
eSwatini,2019,1,1
eSwatini,2020,2,2
eSwatini,2021,2,2
eSwatini,2022,2,2
eSwatini,2023,2,2
eSwatini,2024,2,2
